stage,attribute,demographic_parity_gap,equal_opportunity_gap
baseline,gender_female_flag,0.0027008909028580757,0.004320770130223767
baseline,rural_flag,0.035409415097359884,0.07851721573470233
baseline,indigenous_proxy,0.03857485781328164,0.07820310116224238
mitigated,gender_female_flag,0.0010875818001113736,0.0017859717127708986
mitigated,rural_flag,0.017410829894417633,0.039599539013000035
mitigated,indigenous_proxy,0.01656995610536153,0.03551357798674101
