stage,attribute,demographic_parity_gap,equal_opportunity_gap
baseline,gender_female_flag,0.005134605098948142,0.061480927449513834
baseline,rural_flag,0.06559366253045748,0.020429292929292853
baseline,indigenous_proxy,0.06593028179828475,0.023418209876543195
mitigated,gender_female_flag,0.0015689071135674693,0.0410122164048865
mitigated,rural_flag,0.0456069692267104,0.021313131313131284
mitigated,indigenous_proxy,0.04498969257663868,0.01674382716049383
