{
  "created_at_utc": "2026-04-19T15:08:52.468547+00:00",
  "seed": 42,
  "dataset": {
    "total_rows": 90000,
    "train_rows": 63000,
    "val_rows": 13500,
    "test_rows": 13500,
    "default_rate_test": 0.17933333333333334
  },
  "baseline": {
    "classification_metrics": {
      "auc": 0.6405963233745524,
      "pr_auc": 0.2879397256140111,
      "f1": 0.05743112145906092,
      "brier": 0.14164599776268005,
      "positive_rate": 0.011555555555555555
    },
    "fairness": {
      "gender_female_flag": {
        "attribute": "gender_female_flag",
        "demographic_parity_gap": 0.0027008909028580757,
        "equal_opportunity_gap": 0.004320770130223767,
        "groups": [
          {
            "group": 0,
            "count": 4093,
            "positive_rate": 0.013437576349865624,
            "true_positive_rate": 0.03355704697986577,
            "auc": 0.6318864112001155
          },
          {
            "group": 1,
            "count": 9407,
            "positive_rate": 0.010736685447007548,
            "true_positive_rate": 0.029236276849642005,
            "auc": 0.6449101562102053
          }
        ]
      },
      "rural_flag": {
        "attribute": "rural_flag",
        "demographic_parity_gap": 0.035409415097359884,
        "equal_opportunity_gap": 0.07851721573470233,
        "groups": [
          {
            "group": 0,
            "count": 10729,
            "positive_rate": 0.004287445241867835,
            "true_positive_rate": 0.009096077316657191,
            "auc": 0.6296647659464971
          },
          {
            "group": 1,
            "count": 2771,
            "positive_rate": 0.039696860339227716,
            "true_positive_rate": 0.08761329305135952,
            "auc": 0.6374171118168573
          }
        ]
      },
      "indigenous_proxy": {
        "attribute": "indigenous_proxy",
        "demographic_parity_gap": 0.03857485781328164,
        "equal_opportunity_gap": 0.07820310116224238,
        "groups": [
          {
            "group": 0,
            "count": 11096,
            "positive_rate": 0.004686373467916366,
            "true_positive_rate": 0.011475409836065573,
            "auc": 0.6253861582210773
          },
          {
            "group": 1,
            "count": 2404,
            "positive_rate": 0.04326123128119801,
            "true_positive_rate": 0.08967851099830795,
            "auc": 0.6489193015661471
          }
        ]
      }
    }
  },
  "mitigation": {
    "strategy": "intersectional_threshold_calibration",
    "threshold_maps": {
      "gender_female_flag": {
        "0": 0.5111368298530579,
        "1": 0.4919549524784088
      },
      "rural_flag": {
        "0": 0.4327099025249481,
        "1": 0.6109986305236816
      },
      "indigenous_proxy": {
        "0": 0.42990174889564514,
        "1": 0.6187312602996826
      }
    },
    "threshold_min": 0.45152220129966736,
    "threshold_max": 0.5802889068921407,
    "classification_metrics": {
      "auc": 0.6405963233745524,
      "pr_auc": 0.2879397256140111,
      "f1": 0.04870384917517675,
      "brier": 0.14164599776268005,
      "positive_rate": 0.009259259259259259
    },
    "fairness": {
      "gender_female_flag": {
        "attribute": "gender_female_flag",
        "demographic_parity_gap": 0.0010875818001113736,
        "equal_opportunity_gap": 0.0017859717127708986,
        "groups": [
          {
            "group": 0,
            "count": 4093,
            "positive_rate": 0.01001710236989983,
            "true_positive_rate": 0.026845637583892617,
            "auc": 0.6318864112001155
          },
          {
            "group": 1,
            "count": 9407,
            "positive_rate": 0.008929520569788456,
            "true_positive_rate": 0.025059665871121718,
            "auc": 0.6449101562102053
          }
        ]
      },
      "rural_flag": {
        "attribute": "rural_flag",
        "demographic_parity_gap": 0.017410829894417633,
        "equal_opportunity_gap": 0.039599539013000035,
        "groups": [
          {
            "group": 0,
            "count": 10729,
            "positive_rate": 0.005685525212042129,
            "true_positive_rate": 0.014781125639567936,
            "auc": 0.6296647659464971
          },
          {
            "group": 1,
            "count": 2771,
            "positive_rate": 0.02309635510645976,
            "true_positive_rate": 0.054380664652567974,
            "auc": 0.6374171118168573
          }
        ]
      },
      "indigenous_proxy": {
        "attribute": "indigenous_proxy",
        "demographic_parity_gap": 0.01656995610536153,
        "equal_opportunity_gap": 0.03551357798674101,
        "groups": [
          {
            "group": 0,
            "count": 11096,
            "positive_rate": 0.006308579668348954,
            "true_positive_rate": 0.016939890710382512,
            "auc": 0.6253861582210773
          },
          {
            "group": 1,
            "count": 2404,
            "positive_rate": 0.022878535773710483,
            "true_positive_rate": 0.05245346869712352,
            "auc": 0.6489193015661471
          }
        ]
      }
    }
  },
  "calibration_curves": {
    "gender_female_flag": {
      "0": [
        {
          "bin_start": 0.0,
          "bin_end": 0.1,
          "count": 1153,
          "mean_pred": 0.06410723924636841,
          "obs_default_rate": 0.1049436253252385
        },
        {
          "bin_start": 0.1,
          "bin_end": 0.2,
          "count": 1707,
          "mean_pred": 0.14794820547103882,
          "obs_default_rate": 0.1698886936145284
        },
        {
          "bin_start": 0.2,
          "bin_end": 0.30000000000000004,
          "count": 796,
          "mean_pred": 0.24172437191009521,
          "obs_default_rate": 0.2399497487437186
        },
        {
          "bin_start": 0.30000000000000004,
          "bin_end": 0.4,
          "count": 280,
          "mean_pred": 0.34081536531448364,
          "obs_default_rate": 0.2892857142857143
        },
        {
          "bin_start": 0.4,
          "bin_end": 0.5,
          "count": 102,
          "mean_pred": 0.44115641713142395,
          "obs_default_rate": 0.3627450980392157
        },
        {
          "bin_start": 0.5,
          "bin_end": 0.6000000000000001,
          "count": 32,
          "mean_pred": 0.5391805171966553,
          "obs_default_rate": 0.375
        },
        {
          "bin_start": 0.6000000000000001,
          "bin_end": 0.7000000000000001,
          "count": 17,
          "mean_pred": 0.635994017124176,
          "obs_default_rate": 0.5294117647058824
        },
        {
          "bin_start": 0.7000000000000001,
          "bin_end": 0.8,
          "count": 6,
          "mean_pred": 0.7630462050437927,
          "obs_default_rate": 0.6666666666666666
        }
      ],
      "1": [
        {
          "bin_start": 0.0,
          "bin_end": 0.1,
          "count": 2316,
          "mean_pred": 0.06861234456300735,
          "obs_default_rate": 0.096286701208981
        },
        {
          "bin_start": 0.1,
          "bin_end": 0.2,
          "count": 4125,
          "mean_pred": 0.1473708599805832,
          "obs_default_rate": 0.15927272727272726
        },
        {
          "bin_start": 0.2,
          "bin_end": 0.30000000000000004,
          "count": 1994,
          "mean_pred": 0.24073195457458496,
          "obs_default_rate": 0.2246740220661986
        },
        {
          "bin_start": 0.30000000000000004,
          "bin_end": 0.4,
          "count": 649,
          "mean_pred": 0.3412286639213562,
          "obs_default_rate": 0.3204930662557781
        },
        {
          "bin_start": 0.4,
          "bin_end": 0.5,
          "count": 222,
          "mean_pred": 0.4401535391807556,
          "obs_default_rate": 0.4099099099099099
        },
        {
          "bin_start": 0.5,
          "bin_end": 0.6000000000000001,
          "count": 74,