{
  "created_at_utc": "2026-04-13T15:50:03.408704+00:00",
  "seed": 42,
  "dataset": {
    "total_rows": 15000,
    "train_rows": 10500,
    "val_rows": 2250,
    "test_rows": 2250,
    "default_rate_test": 0.17822222222222223
  },
  "baseline": {
    "classification_metrics": {
      "auc": 0.9816953020369573,
      "pr_auc": 0.9263164404627238,
      "f1": 0.8504326328800988,
      "brier": 0.04219778131879094,
      "positive_rate": 0.18133333333333335
    },
    "fairness": {
      "gender_female_flag": {
        "attribute": "gender_female_flag",
        "demographic_parity_gap": 0.005134605098948142,
        "equal_opportunity_gap": 0.061480927449513834,
        "groups": [
          {
            "group": 0,
            "count": 1065,
            "positive_rate": 0.18403755868544602,
            "true_positive_rate": 0.8900523560209425,
            "auc": 0.9856470221764291
          },
          {
            "group": 1,
            "count": 1185,
            "positive_rate": 0.17890295358649788,
            "true_positive_rate": 0.8285714285714286,
            "auc": 0.97801221001221
          }
        ]
      },
      "rural_flag": {
        "attribute": "rural_flag",
        "demographic_parity_gap": 0.06559366253045748,
        "equal_opportunity_gap": 0.020429292929292853,
        "groups": [
          {
            "group": 0,
            "count": 1499,
            "positive_rate": 0.15943962641761175,
            "true_positive_rate": 0.8488888888888889,
            "auc": 0.9788871446014302
          },
          {
            "group": 1,
            "count": 751,
            "positive_rate": 0.22503328894806923,
            "true_positive_rate": 0.8693181818181818,
            "auc": 0.9861166007905138
          }
        ]
      },
      "indigenous_proxy": {
        "attribute": "indigenous_proxy",
        "demographic_parity_gap": 0.06593028179828475,
        "equal_opportunity_gap": 0.023418209876543195,
        "groups": [
          {
            "group": 0,
            "count": 1913,
            "positive_rate": 0.17145844223732357,
            "true_positive_rate": 0.853125,
            "auc": 0.979386377903327
          },
          {
            "group": 1,
            "count": 337,
            "positive_rate": 0.23738872403560832,
            "true_positive_rate": 0.8765432098765432,
            "auc": 0.9907407407407407
          }
        ]
      }
    }
  },
  "mitigation": {
    "strategy": "intersectional_threshold_calibration",
    "threshold_maps": {
      "gender_female_flag": {
        "0": 0.5351442810694372,
        "1": 0.4489975876808166
      },
      "rural_flag": {
        "0": 0.19135236616929366,
        "1": 0.9316421151161194
      },
      "indigenous_proxy": {
        "0": 0.32313115477561793,
        "1": 0.9607244548797608
      }
    },
    "threshold_min": 0.3211603695419094,
    "threshold_max": 0.8091702836884392,
    "classification_metrics": {
      "auc": 0.9816953020369573,
      "pr_auc": 0.9263164404627238,
      "f1": 0.8454882571075402,
      "brier": 0.04219778131879094,
      "positive_rate": 0.18133333333333335
    },
    "fairness": {
      "gender_female_flag": {
        "attribute": "gender_female_flag",
        "demographic_parity_gap": 0.0015689071135674693,
        "equal_opportunity_gap": 0.0410122164048865,
        "groups": [
          {
            "group": 0,
            "count": 1065,
            "positive_rate": 0.18215962441314554,
            "true_positive_rate": 0.8743455497382199,
            "auc": 0.9856470221764291
          },
          {
            "group": 1,
            "count": 1185,
            "positive_rate": 0.18059071729957807,
            "true_positive_rate": 0.8333333333333334,
            "auc": 0.97801221001221
          }
        ]
      },
      "rural_flag": {
        "attribute": "rural_flag",
        "demographic_parity_gap": 0.0456069692267104,
        "equal_opportunity_gap": 0.021313131313131284,
        "groups": [
          {
            "group": 0,
            "count": 1499,
            "positive_rate": 0.16611074049366245,
            "true_positive_rate": 0.8622222222222222,
            "auc": 0.9788871446014302
          },
          {
            "group": 1,
            "count": 751,
            "positive_rate": 0.21171770972037285,
            "true_positive_rate": 0.8409090909090909,
            "auc": 0.9861166007905138
          }
        ]
      },
      "indigenous_proxy": {
        "attribute": "indigenous_proxy",
        "demographic_parity_gap": 0.04498969257663868,
        "equal_opportunity_gap": 0.01674382716049383,
        "groups": [
          {
            "group": 0,
            "count": 1913,
            "positive_rate": 0.174594877156299,
            "true_positive_rate": 0.85625,
            "auc": 0.979386377903327
          },
          {
            "group": 1,
            "count": 337,
            "positive_rate": 0.2195845697329377,
            "true_positive_rate": 0.8395061728395061,
            "auc": 0.9907407407407407
          }
        ]
      }
    }
  },
  "calibration_curves": {
    "gender_female_flag": {
      "0": [
        {
          "bin_start": 0.0,
          "bin_end": 0.1,
          "count": 829,
          "mean_pred": 0.0034986762329936028,
          "obs_default_rate": 0.014475271411338963
        },
        {
          "bin_start": 0.1,
          "bin_end": 0.2,
          "count": 16,
          "mean_pred": 0.1530648171901703,
          "obs_default_rate": 0.1875
        },
        {
          "bin_start": 0.2,
          "bin_end": 0.30000000000000004,
          "count": 10,
          "mean_pred": 0.2521096467971802,
          "obs_default_rate": 0.2
        },
        {
          "bin_start": 0.30000000000000004,
          "bin_end": 0.4,
          "count": 8,
          "mean_pred": 0.35314369201660156,
          "obs_default_rate": 0.25
        },
        {
          "bin_start": 0.4,
          "bin_end": 0.5,
          "count": 6,
          "mean_pred": 0.4469163119792938,
          "obs_default_rate": 0.3333333333333333
        },
        {
          "bin_start": 0.5,
          "bin_end": 0.6000000000000001,
          "count": 5,
          "mean_pred": 0.5515923500061035,
          "obs_default_rate": 0.4
        },
        {
          "bin_start": 0.6000000000000001,
          "bin_end": 0.7000000000000001,
          "count": 7,
          "mean_pred": 0.6488562226295471,
          "obs_default_rate": 0.7142857142857143
        },
        {
          "bin_start": 0.7000000000000001,
          "bin_end": 0.8,
          "count": 12,
          "mean_pred": 0.7386897206306458,
          "obs_default_rate": 0.4166666666666667
        },
        {
          "bin_start": 0.8,
          "bin_end": 0.9,
          "count": 17,
          "mean_pred": 0.8677551746368408,
          "obs_default_rate": 0.7647058823529411
        },
        {
          "bin_start": 0.9,
          "bin_end": 1.0,
          "count": 155,
          "mean_pred": 0.9860833883285522,
          "obs_default_rate": 0.9354838709677419
        }
      ],
      "1": [
        {
          "bin_start": 0.0,
          "bin_end": 0.1,
          "count": 919,
          "mean_pred": 0.0031459718011319637,
          "obs_default_rate": 0.02176278563656148
        },
        {
          "bin_start": 0.1,
          "bin_end": 0.2,
          "count": 27,
          "mean_pred": 0.15398727357387543,
          "obs_default_rate": 0.3333333333333333
        },
        {
          "bin_start": 0.2,
          "bin_end": 0.30000000000000004,
          "count": 11,
          "mean_pred": 0.25108474493026733,
          "obs_default_rate": 0.09090909090909091
        },
        {
          "bin_start": 0.30000000000000004,
          "bin_end": 0.4,
          "count": 10,
          "mean_pred": 0.3381079137325287,
          "obs_default_rate": 0.4
        },
        {
          "bin_start": 0.4,
          "bin_end": 0.5,
          "count": 6,