{
  "selected_stage": "step2_scale_pos_weight",
  "decision_threshold": 0.6113401651382446,
  "f1_at_best_threshold": 0.5920564216778025,
  "stage_metrics": {
    "step1_base": {
      "auc": 0.8641095069583811,
      "pr_auc": 0.635866156999081,
      "brier": 0.09921147674322128,
      "latency_ms_per_row": 0.0014830710435355151,
      "f1_default": 0.5430730478589421,
      "f1_best": 0.5907868793690626,
      "best_threshold": 0.2577803134918213
    },
    "step2_scale_pos_weight": {
      "auc": 0.8637539627068695,
      "pr_auc": 0.6334946661849281,
      "brier": 0.13971467316150665,
      "latency_ms_per_row": 0.0015668672578478301,
      "f1_default": 0.5721984466634966,
      "f1_best": 0.5920564216778025,
      "best_threshold": 0.6113401651382446
    },
    "step3_randomized_search": {
      "auc": 0.8620331344947493,
      "pr_auc": 0.630852490674918,
      "brier": 0.13240456581115723,
      "latency_ms_per_row": 0.0008536944407279845,
      "f1_default": 0.5795904887714664,
      "f1_best": 0.590063233965673,
      "best_threshold": 0.5605119466781616
    },
    "step4_smote": {
      "auc": 0.8629633320593915,
      "pr_auc": 0.6322922149355713,
      "brier": 0.09958282113075256,
      "latency_ms_per_row": 0.001005163554240156,
      "f1_default": 0.5453190961013161,
      "f1_best": 0.5913385826771653,
      "best_threshold": 0.32065197825431824
    }
  }
}